Cliente_ID,Nome,Idade,Gênero,Cidade,Canal de Compra,Total de Compras
1,Tyler Williamson,57,F,Celorico de Basto,Online,442.95
2,Linda Hoover,51,F,Sesimbra,Física,502.87
3,Margaret Gomez,59,M,Évora,Física,954.16
4,Victoria Knight MD,59,F,Paredes,Física,759.28
5,John Gonzalez,30,F,Alcobaça,Online,542.28
6,Scott Delgado,55,M,Viana do Castelo,Física,463.08
7,Nichole Walters,34,M,Bragança,Online,327.68
8,Lisa Whitney,36,F,Bragança,Física,148.45
9,John Torres,43,M,Oeiras,Online,796.15
10,Jennifer Kelley,33,F,Aveiro,Física,900.82
11,Kyle Robinson,63,F,Póvoa de Varzim,Online,484.36
12,Gina Burns,33,M,Leiria,Online,873.47
13,Julie Oliver,60,M,Leiria,Física,675.27
14,Daniel Moore,60,F,Setúbal,Física,373.64
15,Diane Choi MD,30,M,Loures,Física,880.08
16,Dr. Michael Hunter DDS,53,F,Tavira,Online,748.89
17,Phillip Schmitt,38,M,Setúbal,Online,173.22
18,Tony Hart,20,M,Guimarães,Online,560.76
19,Jacob Andrade,40,M,Viseu,Online,508.0
20,Jeffrey Hernandez,62,F,Vila Real,Física,523.07
21,Antonio Rogers,38,F,Ponta Delgada,Física,807.39
22,Brittany Hernandez,29,M,Aljustrel,Física,546.18
23,Nicole Mitchell,50,M,Coimbra,Online,558.99
24,Lindsay Andrews,23,F,Beja,Online,972.93
25,Michael Owens,37,F,Coimbra,Online,882.97
26,Desiree Bailey,23,F,Ponta Delgada,Online,792.65
27,Amy Price,23,F,Matosinhos,Online,921.07
28,Joseph Warner,44,M,Viana do Castelo,Online,288.03
29,Paul Garrison,31,F,Vila Real,Online,415.33
30,Dustin Kirby,61,F,Oeiras,Online,743.27
31,Christian Davis,28,F,Évora,Física,194.91
32,Paul Fernandez,59,M,Vila Nova de Gaia,Online,532.91
33,Mary Rosales,70,F,Amadora,Online,824.98
34,Tonya Wright,22,F,Matosinhos,Física,456.97
35,April Fitzpatrick,28,M,Castelo Branco,Física,615.4
36,Lori Carey,63,F,Amadora,Física,123.2
37,Robin Miller,42,F,Gondomar,Física,246.48
38,Ms. Karen Mendoza,44,F,Albufeira,Física,807.65
39,David Fletcher,26,F,Aveiro,Física,485.14
40,Shannon Hughes,62,M,Funchal,Física,571.62
41,Scott Yates,20,F,Loures,Online,788.8
42,Sherry Madden,35,F,Santarém,Online,791.34
43,Kelli Roberts,37,F,Loulé,Online,166.47
44,Emily Cruz,28,F,Tomar,Física,811.27
45,Mark Martinez,43,M,Braga,Online,396.04
46,Raymond Perkins DVM,68,F,Sines,Física,257.24
47,Gregory Martin,52,M,Vila do Conde,Online,240.82
48,Stacy Williams,38,M,Peniche,Física,779.14
49,Elizabeth Reyes,31,M,Amadora,Online,733.25
50,Christine Conner,19,M,Peniche,Física,193.86
51,Jason Larsen,66,M,Aljustrel,Online,907.03
52,Malik Daniels,64,M,Funchal,Online,327.09
53,Molly Harris,24,F,Viseu,Online,411.68
54,Jason Jensen,51,M,Coimbra,Física,382.77
55,Anthony Sanders,37,M,Angra do Heroísmo,Online,712.96
56,Tony Mcconnell,37,M,Aljustrel,Física,196.65
57,Mary Turner,68,F,Alcobaça,Física,205.17
58,Whitney Jacobs,49,F,Barcelos,Online,694.79
59,David Hicks,68,M,Póvoa de Varzim,Online,943.05
60,Bethany Tate,63,M,Tomar,Online,125.86
61,Sara Mckinney,70,M,Aljustrel,Física,820.14
62,Rachel Santos,54,F,Faro,Online,914.38
63,Thomas Herman,43,M,Loures,Online,619.51
64,James Myers MD,47,F,Évora,Online,719.46
65,Kenneth Flores,39,F,Gondomar,Online,941.91
66,Christopher Evans,39,M,Loulé,Online,316.43
67,Jason Mcdonald,37,F,Vila Nova de Gaia,Física,519.76
68,Nicole Baker,44,F,Albufeira,Física,731.12
69,Christian Dean,27,F,Tavira,Física,107.02
70,Jasmine Hale,26,F,Sines,Física,804.74
71,Carla Bonilla,58,M,Celorico de Basto,Física,460.17
72,Lisa Montgomery,36,M,Peniche,Online,394.54
73,Keith Cruz,60,M,Beja,Física,313.23
74,Matthew Novak,47,F,Ponta Delgada,Física,407.46
75,Joanne Foster,34,F,Cascais,Online,434.31
76,Katherine Adams,52,F,Vila Real,Física,215.06
77,Amber Forbes,59,F,Angra do Heroísmo,Online,285.98
78,Denise Flores,22,M,Barcelos,Física,272.51
79,Robert Vega,42,M,Lisbon,Física,729.28
80,Dominic Coleman,53,F,Mirandela,Online,526.66
81,Tiffany Medina,66,F,Alcobaça,Física,592.44
82,Bradley Campbell,49,M,Póvoa de Varzim,Física,817.98
83,Jacob Fuller,22,M,Vila Franca de Xira,Online,294.04
84,Teresa Lewis,19,F,Aljustrel,Online,357.21
85,Carrie Williams,31,F,Loulé,Online,845.7
86,Jennifer Mason,55,M,Braga,Online,374.21
87,Mikayla Reid,36,F,Barcelos,Online,125.35
88,Alexander Smith,69,M,Beja,Online,269.56
89,Sophia Miller,66,F,Barcelos,Física,906.4
90,Steven Shelton,22,F,Guimarães,Online,499.28
91,Matthew Brown,58,F,Guimarães,Física,446.14
92,Kathleen Willis,46,M,Tavira,Física,192.0
93,Lorraine Smith,50,M,Aljustrel,Online,984.54
94,Thomas Webster,46,M,S. João da Madeira,Física,325.87
95,Sheila Tran,22,M,Alcobaça,Online,579.3
96,Jeremiah Lopez,67,M,Funchal,Física,609.54
97,Joshua Carter,68,F,Sesimbra,Física,356.58
98,Emily Cooper,70,F,Viana do Castelo,Online,665.61
99,Elizabeth Jones,35,F,Leiria,Física,970.7
100,Larry Gibson,58,M,Albufeira,Física,504.4
101,Matthew Horne,51,M,Oeiras,Online,486.38
102,Gregory Russell,65,F,Loulé,Online,436.31
103,Dale Hoffman,42,F,Vila Real,Online,990.6
104,Catherine Weaver,43,M,Caminha,Online,351.3
105,Nicholas Nolan,20,M,Alcobaça,Online,395.55
106,Richard Singh,28,M,Évora,Online,115.03
107,David Li,68,F,Tavira,Online,750.84
108,Monica Lopez,43,M,Vila do Conde,Física,718.97
109,Amy Phelps,22,M,Beja,Online,413.86
110,Ashley Daniels,42,M,Funchal,Física,248.25
111,Gabrielle Morgan,45,F,S. João da Madeira,Física,759.92
112,Jill Zhang,27,F,Mirandela,Online,868.88
113,Stephen Velez,48,M,Tomar,Online,900.33
114,Stacey Nelson,22,M,Cantanhede,Online,929.46
115,Marc Rosales,65,F,Leiria,Online,670.5
116,Sabrina Harper,27,F,Caldas da Rainha,Física,226.14
117,Danny Davis,65,M,Albufeira,Física,237.03
118,David Walker,42,F,Albufeira,Online,633.34
119,Kathryn French,66,M,Coimbra,Física,791.24
120,Lindsay Roman,70,F,Bragança,Online,824.55
121,Jocelyn Mendoza,36,M,Sesimbra,Física,714.89
122,Melissa Rice,54,F,Cascais,Online,804.88
123,Susan Brown,69,F,Sintra,Física,288.08
124,Karla Robinson,31,M,Castelo Branco,Física,463.63
125,Cassandra Powell,41,F,Vila Real,Física,780.23
126,Timothy Morton,60,F,Aljustrel,Física,955.12
127,David Francis,55,M,Barcelos,Física,818.06
128,Dakota Fisher,53,F,Paredes,Online,231.14
129,Jennifer Hale,38,F,Leiria,Física,884.8
130,Paul Foster,52,F,Póvoa de Varzim,Física,372.72
131,Lisa Perkins,59,M,Sines,Física,974.2
132,Mary Cook,22,M,Lisbon,Online,479.71
133,Michael Peters,48,M,Gondomar,Física,369.62
134,Julian Carson,29,M,Vila Franca de Xira,Online,862.03
135,Selena Diaz,19,M,Monção,Física,404.45
136,Michael Ballard,46,M,Oeiras,Online,808.39
137,Amanda Jones,46,M,Vila Nova de Gaia,Online,777.35
138,Joshua Pena,20,M,Vila do Conde,Física,297.88
139,Austin Atkins,53,F,Aveiro,Online,426.4
140,Daniel Thornton,53,M,Albufeira,Física,537.23
141,Katie Werner,28,F,Monção,Física,812.48
142,Dana Vance,58,F,Aveiro,Online,947.44
143,Cassandra Fischer,38,M,Santarém,Física,152.57
144,Michael Gross,33,M,Guimarães,Física,660.45
145,Lauren Caldwell,36,M,Porto,Física,111.35
146,Jonathan Powell,66,M,Mirandela,Online,266.0
147,Samantha Pope,53,M,Leiria,Física,118.92
148,Jennifer Ochoa,32,F,Barcelos,Online,248.69
149,Charles Jones,23,M,Faro,Física,343.9
150,Elizabeth Weber,42,F,Loulé,Online,185.83
151,Jose Taylor,64,M,Funchal,Online,783.47
152,Erik Larson,34,M,Castelo Branco,Física,197.24
153,Crystal Munoz,54,M,Vila do Conde,Física,446.37
154,Nicole Miller,70,F,Funchal,Física,748.25
155,Karen Mendoza PhD,63,F,Aljezur,Física,446.16
156,Matthew Hughes,21,F,Cascais,Online,377.76
157,Kevin Carroll,54,M,Viseu,Online,747.2
158,Shannon Lamb,60,M,Vila Real,Online,668.39
159,Stephanie Harrison,55,M,Évora,Física,441.13
160,Kim Carroll,40,M,Aveiro,Física,163.06
161,Teresa Bowman,53,M,Cascais,Online,354.7
162,Katie Carey,48,M,Bragança,Online,893.91
163,Robert Vincent,58,M,Paredes,Online,209.01
164,Lisa Wells,50,M,Guimarães,Física,954.65
165,Michelle Levy,41,M,Monção,Física,991.35
166,Linda Hernandez,50,M,Évora,Física,307.27
167,Austin Young,63,M,Sines,Online,249.5
168,Jaclyn Miller,20,F,Évora,Online,619.31
169,Angela Sanchez,63,F,Évora,Online,594.28
170,Jerry Evans,32,F,Cascais,Física,428.71
171,Rachel Dixon,58,M,Setúbal,Online,422.42
172,Kristopher Smith,47,F,Cantanhede,Online,395.64
173,Evan Garcia,36,M,Gondomar,Online,249.24
174,Gina Decker,65,F,Funchal,Online,918.74
175,Kristen Kaiser,67,M,Sesimbra,Física,682.58
176,Jeffrey Chan,68,M,Vila Franca de Xira,Online,278.45
177,Erica Norris,29,F,Évora,Online,828.74
178,Kathy Ramirez,38,M,Faro,Física,311.98
179,Carl Marshall,58,F,Cascais,Online,793.73
180,Autumn Clarke,57,F,Vila Nova de Gaia,Física,199.66
181,Jonathon Clark,38,M,Caldas da Rainha,Online,982.9
182,Lisa Hernandez,34,F,Póvoa de Varzim,Física,291.94
183,Allison Phillips,36,F,Monção,Física,295.22
184,Mark Mcfarland,67,F,Barcelos,Online,632.39
185,Kimberly Wells,30,F,Castelo Branco,Online,123.76
186,Tracey Robinson,66,M,Castelo Branco,Física,219.92
187,John Stewart,69,F,Amadora,Online,847.58
188,Jaime Vaughn,20,M,Guimarães,Física,124.7
189,Jason Williams,50,F,Guimarães,Online,603.59
190,Dawn Jordan,35,F,Guimarães,Online,447.64
191,Rachel Barnett,66,M,Loulé,Física,592.69
192,William Diaz II,38,M,Sintra,Física,570.8
193,Louis Wagner,18,M,Tavira,Online,139.58
194,David Schneider,67,M,Funchal,Online,897.74
195,Emma Green,23,F,Matosinhos,Física,874.4
196,Zachary Higgins,46,F,Peniche,Física,687.13
197,Richard Anthony,51,F,Alcobaça,Online,685.75
198,Matthew Lopez,19,F,Vila Nova de Gaia,Online,930.55
199,Jennifer Ramirez,34,M,S. João da Madeira,Online,187.33
200,Denise Mcclain,32,M,Sesimbra,Online,450.91
201,Tracy Saunders,21,M,Guimarães,Física,430.7
202,Ashley Hayden,32,F,Matosinhos,Física,361.78
203,Chelsea Hobbs,65,F,Mirandela,Online,577.23
204,Jonathan Stevens,57,M,Matosinhos,Física,461.4
205,Ethan Kim,24,F,Paredes,Física,974.84
206,Christopher Woodward,23,M,Coimbra,Online,608.13
207,Paul Johnson,65,F,Loulé,Online,451.35
208,Cole Lewis,52,M,Angra do Heroísmo,Física,683.56
209,Megan Carlson,38,M,Angra do Heroísmo,Física,415.12
210,Amy Rice,23,M,Angra do Heroísmo,Física,316.7
211,Jessica Sloan,48,F,Bragança,Online,892.58
212,Joshua Simmons,58,M,Porto,Online,693.3
213,Albert Henderson,59,M,Paredes,Online,442.45
214,Amy Richardson,55,M,Celorico de Basto,Online,294.88
215,Jeremy Riley,66,F,Vila Franca de Xira,Online,581.85
216,Joseph Rice,55,M,Porto,Online,860.62
217,Steven Williams,61,F,Bragança,Física,801.24
218,Jennifer Cunningham,44,M,Caminha,Online,109.45
219,Steven Perkins,19,F,Matosinhos,Física,286.65
220,Adrian Fox,36,M,Mirandela,Física,960.29
221,Lisa Moore,61,M,S. João da Madeira,Online,112.77
222,Stephanie Rowland,60,F,Amadora,Online,328.12
223,Amanda Spencer,23,M,Amadora,Online,733.28
224,Stephanie Nguyen,41,M,Sines,Online,773.09
225,Elizabeth Jimenez,38,M,Peniche,Online,575.39
226,Richard Boone,50,M,Sines,Física,321.36
227,Thomas Murphy,24,M,Évora,Online,434.25
228,Marcus Jacobs,36,F,Évora,Online,635.66
229,Jason Finley,43,M,Sesimbra,Física,742.69
230,Robert Hill,57,F,Monção,Online,717.45
231,Deborah Taylor,29,F,Loures,Física,513.83
232,Stephanie Wheeler,56,F,Vila Real,Online,178.76
233,Jennifer Brown,44,M,Oeiras,Física,672.61
234,James Hahn,45,F,Amadora,Online,956.22
235,Kathy Jones,19,M,Albufeira,Online,170.36
236,Sarah Luna,69,M,Vila Real,Online,828.69
237,Douglas Peterson,30,M,Funchal,Física,482.39
238,Gabriel Mcmillan,63,F,Angra do Heroísmo,Física,806.46
239,Heather Oliver,20,F,Évora,Física,389.72
240,Mrs. Nancy Jones,66,M,Faro,Online,527.49
241,David Holloway MD,32,M,Cascais,Online,910.03
242,Mackenzie Roberts,30,F,Cascais,Online,664.11
243,Paula Baldwin,47,M,Mirandela,Física,477.75
244,Janet Weiss,44,F,Aveiro,Física,763.6
245,Diane Jones,32,M,Albufeira,Online,585.19
246,Wendy Martin,57,M,Viseu,Física,130.37
247,Christian Richardson,55,M,Ponta Delgada,Física,202.7
248,Brett Larson,19,F,Ovar,Online,954.22
249,Christopher Rhodes,51,F,Alcobaça,Física,144.21
250,Lori Coleman,58,M,Castelo Branco,Online,214.55
251,Ronald Kelley,22,M,Sintra,Online,459.76
252,Alexandra Andrade,62,M,Vila Nova de Gaia,Física,637.5
253,Kristin Levine,57,F,Ovar,Física,754.82
254,Christy Shepherd,28,M,Viana do Castelo,Física,803.13
255,Destiny White,31,F,Porto,Online,127.53
256,Ashley Mcknight,31,M,Sines,Online,889.87
257,Jonathan Aguirre,44,F,Sesimbra,Física,406.48
258,Ronald Brown,38,F,Sintra,Online,766.41
259,Jared Crawford,18,M,S. João da Madeira,Física,898.51
260,Karla Williams,59,F,Évora,Online,985.02
261,Megan Williams,46,M,Faro,Online,413.21
262,David Gordon,61,M,Beja,Física,885.06
263,Joshua Thompson,67,M,Leiria,Online,105.45
264,Gregory Kirby MD,35,F,Gondomar,Online,817.22
265,Jessica Gentry,37,F,Cantanhede,Online,495.92
266,Leslie Ellison,32,F,Vila do Conde,Online,943.36
267,Jenna Smith,40,M,Santarém,Física,190.62
268,Michelle Webster,68,F,Setúbal,Online,511.22
269,James Garcia,56,M,Amadora,Online,471.07
270,Jessica Campbell,51,M,Leiria,Online,894.27
271,Andrew Peters,55,F,Viana do Castelo,Física,809.28
272,Robert Rojas,40,M,Celorico de Basto,Física,575.03
273,Mark Jones,43,M,Aljustrel,Online,116.79
274,Scott Jackson,60,F,Gondomar,Online,865.24
275,Ashley Miller,70,M,Loulé,Física,736.01
276,Kaitlin Robertson,19,F,Caldas da Rainha,Online,334.56
277,Mariah Lang,58,F,Évora,Online,935.46
278,Dustin Morales,30,F,Ovar,Online,304.01
279,Helen Gordon,47,M,Vila Nova de Gaia,Online,214.84
280,Marc Duran,33,F,Évora,Online,729.97
281,Jennifer Buchanan,22,F,Cascais,Online,526.9
282,Benjamin Davis,70,F,Tomar,Física,704.65
283,Brian Jackson,69,F,Setúbal,Online,451.26
284,Karen Graham,67,M,Vila Real,Online,592.57
285,Stephen Harrison MD,53,F,Beja,Física,613.14
286,Bethany Moreno MD,58,M,Oeiras,Física,920.48
287,Grace Salazar,44,F,Loures,Online,854.73
288,Lauren Reed,50,M,Funchal,Online,915.99
289,Steven West,42,M,Faro,Física,393.32
290,Steven Smith,29,M,Paredes,Física,624.05
291,Andrew Sheppard,25,M,Sines,Online,695.17
292,Grant Scott,65,M,Coimbra,Física,264.83
293,Christopher Mccoy,42,M,S. João da Madeira,Física,347.58
294,Shannon Ball,25,F,Lisbon,Online,149.25
295,Evan Swanson,40,M,Beja,Física,304.86
296,Makayla Adams,47,F,Tavira,Física,230.64
297,Cynthia White,70,F,Mirandela,Online,145.52
298,Nicholas Ingram,40,F,Cantanhede,Online,519.0
299,Dustin Conrad,45,M,Ponta Delgada,Online,553.85
300,Steven Reyes,22,M,Angra do Heroísmo,Física,627.0
301,Donna Nelson,19,F,Faro,Online,749.59
302,Clifford Henry,67,M,Leiria,Física,488.09
303,Austin Campos,31,M,Porto,Online,729.84
304,Jenna Bailey,50,F,Porto,Física,893.98
305,Brian Garrison,19,M,Vila Real,Online,129.05
306,Kathleen Perry,45,M,Faro,Online,909.7
307,Richard Stewart,67,M,Aljezur,Física,296.57
308,Kimberly Graves,62,F,Ponta Delgada,Física,361.11
309,Fernando Leonard,49,M,Sintra,Física,638.49
310,Michael Jordan,61,F,Sintra,Online,644.36
311,Cynthia Roach,33,M,Barcelos,Física,967.36
312,John Berry,22,M,Aljezur,Online,611.74
313,Michael Klein,28,M,Funchal,Online,181.67
314,Sharon Gibson,36,F,Porto,Online,668.92
315,John Payne,69,M,Amadora,Física,124.18
316,Melissa Gonzalez,68,F,Celorico de Basto,Online,796.18
317,Elizabeth Collins,20,F,Sesimbra,Online,187.36
318,Megan Brown,61,F,Matosinhos,Online,966.77
319,Lauren Heath,46,M,Viana do Castelo,Física,144.47
320,Emily Walker,36,M,Castelo Branco,Online,679.98
321,George Randolph,52,M,Évora,Online,307.55
322,Joseph Ramirez,26,M,Ovar,Online,894.96
323,Bonnie Bennett,40,M,Faro,Online,559.1
324,Joseph Rose,36,F,Ovar,Física,735.35
325,Jennifer Benitez,55,F,S. João da Madeira,Física,827.14
326,Joshua Zavala,67,M,Leiria,Online,227.83
327,Nicole Stewart,55,M,Coimbra,Online,776.76
328,Ryan Fowler,65,M,Viseu,Física,121.73
329,Jon Graham,20,F,Leiria,Online,545.04
330,Alexis Vasquez,50,F,Vila do Conde,Física,289.91
331,Dalton Morales,22,M,Peniche,Física,604.97
332,Jared Williams,24,F,Sesimbra,Online,279.52
333,Kristen Rice,25,F,Angra do Heroísmo,Física,237.89
334,Paul Kelly,25,F,Vila Real,Física,759.29
335,Zachary Hodges,56,F,Caminha,Física,951.67
336,Joseph Cruz,68,M,Faro,Online,999.44
337,Marc Melton,41,F,Lisbon,Online,624.25
338,Mitchell Cameron,36,F,Loulé,Online,703.38
339,Christopher Carter,45,F,Celorico de Basto,Física,978.74
340,Patrick Smith,68,M,Monção,Online,127.73
341,Erin Sherman,63,M,Cantanhede,Física,307.88
342,Kendra Elliott,56,F,Monção,Online,551.94
343,John Long,18,F,Alcobaça,Online,887.02
344,Corey Singh,55,F,Vila Franca de Xira,Online,826.09
345,Wesley Martinez,22,F,Bragança,Online,509.6
346,Christina Robinson,52,M,Barcelos,Física,390.51
347,Amanda Santos,52,F,Caminha,Online,350.04
348,Amber Simmons DDS,51,F,Paredes,Online,487.12
349,David Nelson,31,M,Faro,Física,708.13
350,Aaron Kennedy,30,M,Mirandela,Física,282.02
351,Matthew Robles,66,F,Viana do Castelo,Física,650.42
352,Jasmine Frost,57,F,Faro,Física,768.76
353,Jeffrey Barnett,60,M,Barcelos,Física,307.63
354,Jacob Williams,22,F,Ovar,Física,633.3
355,Nathan Michael,51,F,Ovar,Online,617.25
356,Jerry Lopez,58,F,Beja,Online,261.0
357,Brian Valencia,64,M,Funchal,Física,751.7
358,Victoria Johnson,35,M,Aljustrel,Física,935.53
359,Arthur Morrow,19,M,Faro,Física,399.63
360,Tony Austin,70,M,Vila Real,Física,219.33
361,Timothy Mckinney,56,F,Vila Nova de Gaia,Física,364.13
362,Seth Baldwin,46,M,Bragança,Física,948.05
363,Tiffany Barnett,22,F,Cascais,Física,303.81
364,Christopher Horn,29,M,Maia,Física,263.46
365,David Smith,57,M,Monção,Física,192.73
366,Emily Meyer,62,M,Sines,Online,312.62
367,Lisa Weeks,19,F,Caminha,Física,155.53
368,Melinda Dillon,36,M,S. João da Madeira,Física,250.93
369,Sarah Vasquez,67,F,Faro,Online,102.66
370,Ruben Waller,49,M,Gondomar,Física,190.25
371,Steven Stokes,40,M,Gondomar,Física,272.94
372,Eric Hester,23,F,Leiria,Online,266.94
373,Timothy Weeks,59,F,Tavira,Online,116.82
374,David Reese,60,M,Caldas da Rainha,Online,685.64
375,Daniel Clay,41,F,Loulé,Online,623.89
376,Rebecca Cantu,18,F,Maia,Física,713.67
377,Christopher Spears,27,F,Tomar,Online,954.35
378,Amber Cervantes,41,F,Viana do Castelo,Online,712.47
379,Crystal Romero,54,F,Sesimbra,Física,414.76
380,Thomas Joseph,23,F,Santarém,Online,681.11
381,Ashley Mccarthy,25,M,Évora,Online,398.85
382,Mrs. Heather Conner,60,F,Caminha,Física,990.25
383,Robert Gibbs,40,F,Maia,Física,954.8
384,Savannah Ali,65,F,Funchal,Online,230.87
385,Juan Santiago,23,M,Maia,Física,451.74
386,William Stevens,32,M,Évora,Online,953.44
387,Brittney Carpenter,67,F,Sines,Física,703.37
388,Brandi Fitzgerald,69,M,Leiria,Física,790.91
389,Hayley Stewart,36,F,Vila Nova de Gaia,Online,634.65
390,Cynthia Rodriguez,62,M,Oeiras,Online,282.35
391,Thomas Cruz,51,M,Évora,Online,786.16
392,Casey Boyer DDS,26,F,Póvoa de Varzim,Física,602.14
393,Kevin Townsend,18,F,Cantanhede,Física,104.13
394,Peter Kelly,51,M,Cascais,Online,733.88
395,Lisa Mason,35,M,Beja,Online,643.7
396,Sara Norris,34,F,Peniche,Online,952.24
397,Amy Evans,59,F,Braga,Online,315.18
398,Vanessa Morris,18,M,Angra do Heroísmo,Online,955.79
399,Regina Evans,22,F,Sesimbra,Online,941.54
400,Tamara Watkins,70,F,Sines,Física,547.77
401,Madison Rice,69,F,Bragança,Física,435.46
402,Eric Hall,49,F,Loures,Online,418.99
403,John Kennedy MD,18,F,Alcobaça,Física,979.76
404,Eric Wilson,48,F,Ovar,Online,288.29
405,Valerie Miller,60,F,Setúbal,Física,439.91
406,David Lopez,26,M,Caldas da Rainha,Online,727.13
407,David Jefferson,31,M,Gondomar,Física,191.88
408,Sandra Mccarty,25,M,Tavira,Física,539.54
409,Michael Hebert,53,M,Sintra,Física,750.53
410,Cynthia Clark,45,M,Faro,Online,295.5
411,James Walker,28,F,Sintra,Física,887.98
412,Rita Jones,54,M,Caldas da Rainha,Online,933.26
413,Daniel Rose,42,M,Maia,Física,847.1
414,Michelle Goodwin,27,F,Caldas da Rainha,Online,930.82
415,Joseph Daniels,34,M,Setúbal,Online,845.09
416,Charles Johnson,61,F,Caldas da Rainha,Online,783.46
417,Autumn Schneider,42,F,Évora,Física,682.35
418,David Williams,20,M,Póvoa de Varzim,Física,998.31
419,Michael Patterson,47,M,Matosinhos,Online,331.02
420,Eric Faulkner,55,F,Monção,Online,881.48
421,Robert Jackson,29,M,Vila Real,Física,284.67
422,Willie Maxwell,60,F,Ponta Delgada,Online,790.4
423,Rebecca Anderson,44,M,Évora,Física,197.15
424,Lauren Bailey,42,M,Peniche,Física,378.07
425,Susan Morris,67,F,Coimbra,Online,841.78
426,Jessica Watson,36,M,Sines,Online,469.6
427,Valerie Flores,53,F,Loulé,Física,454.78
428,Sandra Perez,29,M,Beja,Física,373.16
429,Mark Lopez,36,F,Loures,Física,341.43
430,Douglas Harris,40,M,Aljezur,Física,136.75
431,Brian Johnson,68,F,Faro,Online,562.51
432,Matthew Douglas,56,M,Vila Franca de Xira,Online,586.97
433,Allison Garcia,27,F,Évora,Física,583.44
434,April Walker,66,M,Albufeira,Física,843.64
435,Dr. Austin Sullivan,29,M,Viana do Castelo,Física,961.1
436,Katherine Miller,20,M,Viseu,Física,608.61
437,Mary Moore,23,M,Monção,Online,930.0
438,Rodney Jones,24,M,Tavira,Física,507.02
439,Emily Cohen,70,F,Ponta Delgada,Física,458.08
440,Karen Miller,46,M,Mirandela,Física,257.71
441,Mark Matthews,35,F,Celorico de Basto,Online,574.11
442,Danielle Powell,30,M,Porto,Física,518.76
443,Stephen Osborn,39,F,Matosinhos,Física,908.58
444,Maria Oconnor,55,F,Angra do Heroísmo,Física,643.39
445,Bradley Wallace,34,M,Peniche,Online,974.91
446,Julia Vega,36,F,Sintra,Online,305.14
447,Chelsea Jensen MD,48,F,Sintra,Online,399.25
448,Lisa Sutton,58,M,Póvoa de Varzim,Física,816.95
449,Megan Combs,48,F,Setúbal,Online,649.65
450,Christopher Page,55,M,Ponta Delgada,Online,741.15
451,Joseph Ross,26,F,Cascais,Física,508.17
452,Rebecca Davis,22,F,Ovar,Online,177.68
453,Marvin Hammond,56,F,Paredes,Online,713.21
454,Nathaniel Mills,40,F,Cascais,Física,887.88
455,Erin Delgado,45,F,Matosinhos,Online,979.96
456,Ronald Mcclure,39,M,Santarém,Física,306.01
457,Justin Dalton,30,F,Viana do Castelo,Física,923.6
458,Laura Watson,39,F,Santarém,Online,775.02
459,Cody Lee,34,M,Guimarães,Online,818.5
460,Jo Wagner,61,M,Porto,Online,287.4
461,Melissa Jackson,38,F,Beja,Online,620.76
462,Abigail Clark,19,M,Albufeira,Física,852.01
463,Brenda Howard,50,F,Angra do Heroísmo,Online,639.35
464,Gary Bell,59,F,Póvoa de Varzim,Física,248.48
465,Christopher Morgan,48,F,Faro,Física,911.69
466,Patricia Harris,25,M,Angra do Heroísmo,Online,558.08
467,Alice Lindsey,23,M,Funchal,Física,187.59
468,Kenneth Ashley,37,F,Oeiras,Física,827.24
469,Patrick Williams,34,F,Alcobaça,Física,586.23
470,Cody Alexander,52,F,Caminha,Física,421.4
471,Darren Anthony,37,F,Faro,Online,880.2
472,Scott Wood,34,F,Tavira,Online,202.18
473,Ashley Foster,41,M,Évora,Online,180.17
474,Debbie Travis,49,F,Santarém,Física,591.42
475,Samantha Roberts,30,F,Paredes,Física,101.38
476,Todd Burton,70,F,Aljezur,Física,842.3
477,Andrew Perry,32,M,Ponta Delgada,Online,111.84
478,Matthew Fitzpatrick,45,M,Celorico de Basto,Online,291.6
479,Steven Smith,31,F,Évora,Online,900.42
480,Joseph Beard,56,F,Setúbal,Online,362.95
481,Michael Todd,67,M,Vila do Conde,Física,632.58
482,Robert Lee,19,M,Peniche,Online,629.53
483,Robert Heath,58,F,Vila Nova de Gaia,Física,865.89
484,Jeremy Conner,56,F,Vila Franca de Xira,Online,298.82
485,Nicole Jackson MD,41,M,Viana do Castelo,Física,574.89
486,Jennifer Yoder,65,M,Cantanhede,Online,936.35
487,Monica Smith,21,M,Évora,Física,943.85
488,Ronnie Russell,37,F,Porto,Física,604.74
489,Linda Spencer,38,M,Beja,Física,583.51
490,Terri Mcknight,59,M,Loures,Física,438.41
491,Lauren Fisher,60,F,Paredes,Online,106.86
492,Michael Freeman,26,F,Sintra,Online,233.89
493,Matthew Wheeler,55,F,Sesimbra,Física,672.53
494,James Johnson,46,F,Cascais,Online,802.6
495,Emily Hall,70,M,Sesimbra,Física,291.7
496,Christina Boone,30,F,Lisbon,Online,293.75
497,Sharon Armstrong,56,M,Matosinhos,Física,184.11
498,Christina Hansen,31,F,Tavira,Online,763.16
499,Samantha Delgado,23,F,Matosinhos,Física,760.71
500,James Kelley,48,F,Aljezur,Online,422.46
501,Jessica Taylor,55,F,Guimarães,Física,101.21
502,Tina Gomez,32,M,Loures,Online,226.96
503,Laura Hunter,35,F,Celorico de Basto,Física,797.72
504,Brent Evans,53,F,Beja,Física,175.6
505,Adrian Doyle,69,F,Coimbra,Física,581.3
506,Donna Cain,30,M,Bragança,Física,503.18
507,Cheryl Haas,34,M,Faro,Online,366.79
508,Ronnie Smith,31,F,Oeiras,Física,516.63
509,Theresa Harding,33,M,Matosinhos,Física,752.47
510,Zachary Davis,39,M,Cantanhede,Online,179.96
511,Levi Bauer,31,F,Alcobaça,Física,348.19
512,Kathy Brown,38,M,Leiria,Online,524.23
513,Ann Moore,55,M,Lisbon,Online,646.69
514,Tony Johnson,40,M,Guimarães,Física,249.3
515,Jennifer Grant,43,F,S. João da Madeira,Física,679.59
516,Jeffery Glass,58,F,Lisbon,Online,752.15
517,Patricia Mcgee,29,F,Sines,Online,817.5
518,Michael Brown,37,M,Mirandela,Online,403.41
519,Victoria Scott,66,M,Vila Real,Física,297.26
520,Lori Taylor,42,M,Vila Franca de Xira,Online,554.34
521,Dave Wheeler,66,M,Póvoa de Varzim,Física,666.03
522,Cassandra Bryant,50,M,Aveiro,Online,776.98
523,Nathan Fuller,22,M,Viseu,Online,294.76
524,Christopher Sanders,36,F,Oeiras,Online,869.84
525,Jennifer Barron,58,F,Vila do Conde,Física,439.44
526,Laura Boyd,47,M,Faro,Online,235.01
527,Matthew Wright,51,F,Paredes,Física,806.23
528,David Cisneros,59,M,Braga,Online,955.44
529,Cynthia Wheeler,42,M,Porto,Online,366.85
530,Jeremy Davis,18,M,Caminha,Online,651.52
531,Catherine Martin,22,M,Ovar,Online,286.43
532,Lynn Compton,30,F,Viseu,Física,588.33
533,Hannah Hernandez,66,F,Angra do Heroísmo,Física,571.0
534,Jason Mack,19,F,Braga,Online,691.09
535,Michael Mcmillan,66,F,Tavira,Online,102.49
536,Maria Robertson,42,F,Sesimbra,Online,103.76
537,Andrea Rowe,28,M,Vila Franca de Xira,Física,568.3
538,Kenneth Cox,26,M,Alcobaça,Física,627.34
539,Timothy Phillips,53,F,Sines,Física,577.9
540,Carrie Sullivan,57,F,Sintra,Online,904.47
541,Eric Lamb,53,F,Loulé,Online,566.47
542,Carl Mccoy,21,M,Tomar,Online,937.78
543,Angela Peters,33,M,Maia,Física,222.69
544,Ashley Lang,45,F,Vila Real,Física,709.43
545,Bridget James,50,F,Angra do Heroísmo,Online,829.93
546,Angela Garrett,41,F,Caldas da Rainha,Física,480.04
547,Caitlin Page,65,F,Porto,Online,470.02
548,Lisa Dunn,70,F,Vila Franca de Xira,Online,110.3
549,Lisa Davis,28,F,Ovar,Física,572.58
550,Thomas Haley,68,M,Cantanhede,Online,421.38
551,Johnny Knapp,22,M,Leiria,Online,850.72
552,Michael Blankenship,33,M,Bragança,Física,865.85
553,Eileen Moses,55,F,Paredes,Online,513.18
554,Sarah Rogers,51,F,Aveiro,Online,148.14
555,Rebecca Riley,30,F,Peniche,Online,316.96
556,Debra Martin,70,M,Funchal,Online,692.79
557,Amanda Cummings,67,F,Aveiro,Física,573.45
558,Gary Stone,19,F,Cantanhede,Online,471.74
559,Dr. Sheri Wong,52,F,Póvoa de Varzim,Física,915.64
560,James Alexander,67,F,Cascais,Online,448.59
561,Robert Jones,47,M,Matosinhos,Online,422.0
562,Amanda Spencer,70,M,Mirandela,Física,156.7
563,Matthew Brown,21,M,Caminha,Online,453.24
564,Angelica Clark,59,M,Loures,Online,101.19
565,Lauren Moore,26,F,Aljustrel,Online,741.78
566,Kristine Clarke,36,F,Ponta Delgada,Física,780.81
567,Jonathan Nichols,21,F,S. João da Madeira,Física,134.1
568,Stephanie Cowan,57,M,Funchal,Online,171.7
569,Heather Martinez,42,F,Monção,Online,492.22
570,Thomas White,53,F,Porto,Online,788.8
571,Curtis Johnson,44,M,Cantanhede,Online,684.61
572,Jennifer Good PhD,40,F,Tomar,Online,781.85
573,Cheryl Cummings,24,M,Vila Franca de Xira,Física,362.53
574,Cynthia Gonzalez,52,F,Setúbal,Física,723.71
575,Pamela Burgess,46,M,Porto,Online,545.34
576,Andrea Norris,68,M,Sintra,Física,111.62
577,Calvin Perez,44,M,Funchal,Online,674.87
578,Christopher Davis,66,F,Monção,Online,977.86
579,Abigail Davis,33,F,Santarém,Online,331.15
580,Drew Trevino,46,F,Évora,Online,701.13
581,Stephanie Bennett,35,M,S. João da Madeira,Física,308.72
582,Hailey Brown,22,F,Aveiro,Online,994.85
583,Carl Carroll,18,M,Santarém,Física,982.06
584,Yolanda Diaz,20,M,Aljezur,Online,269.38
585,Nicole Howell,70,F,Gondomar,Online,919.87
586,Alicia Warner,40,M,Ponta Delgada,Física,912.2
587,Michael Kirby,24,M,Oeiras,Física,739.8
588,Tonya Barnes,24,M,Caldas da Rainha,Física,116.58
589,Brandon Brown,24,M,Alcobaça,Online,569.14
590,Kelsey Ruiz,24,M,Coimbra,Online,585.27
591,Jessica Lopez,67,M,Leiria,Física,658.37
592,Tara Garcia,57,F,Póvoa de Varzim,Online,760.09
593,Matthew Luna,49,F,Gondomar,Física,963.7
594,Leah Preston,48,F,Gondomar,Física,651.87
595,Dorothy Patrick,27,M,Vila Real,Física,458.52
596,Elizabeth Jones,61,F,Tavira,Online,943.83
597,Eric Mcguire,39,M,Vila Real,Online,641.02
598,Maria Black,64,F,Tavira,Física,840.94
599,Kristopher Erickson,61,M,Lisbon,Online,139.12
600,Mr. Bryan Ashley Jr.,60,F,Aljezur,Física,353.89
601,Vincent Anderson,25,M,Porto,Online,128.83
602,Jillian Patel,24,M,Peniche,Online,490.89
603,Daniel Peterson,62,M,Évora,Online,607.42
604,Deborah Barrett DVM,41,M,Castelo Branco,Física,175.87
605,Brittany Peterson,59,M,Évora,Física,827.55
606,Nichole Freeman,56,M,Mirandela,Física,993.01
607,Maria Mitchell,19,M,Vila Franca de Xira,Física,992.36
608,Juan Gordon DDS,36,M,Lisbon,Online,253.93
609,Justin Camacho,50,M,Santarém,Física,269.8
610,Ann Jackson,28,M,Bragança,Física,322.64
611,Nicole Smith,41,M,Aljezur,Física,465.27
612,Charles Stewart,31,F,Tavira,Física,157.06
613,Amanda Buckley,55,F,Sintra,Física,541.97
614,William Martinez,37,F,Loures,Online,618.9
615,Dawn Snow,23,F,Vila do Conde,Online,133.66
616,David Edwards,47,M,Viana do Castelo,Online,483.09
617,Maureen Miller,33,F,Caminha,Física,572.64
618,Corey Newton,41,F,Alcobaça,Física,515.32
619,Brenda Miller,63,F,Oeiras,Online,362.03
620,Brenda Simon,26,F,Tomar,Online,548.07
621,John Boyd,26,F,Bragança,Física,219.7
622,Karina Robinson,68,M,Ponta Delgada,Física,614.93
623,Sandra White,56,M,Amadora,Online,703.71
624,Natalie Castillo,63,F,Ovar,Física,837.14
625,Brandi Carlson PhD,30,F,Barcelos,Online,726.77
626,Kelly Taylor,21,F,Évora,Online,901.08
627,Sandra Patton DDS,59,F,Sesimbra,Online,475.62
628,Sherry White,42,M,Loulé,Online,502.66
629,Marissa Merritt,44,F,Amadora,Online,671.57
630,Stefanie Robinson,30,M,Santarém,Física,186.69
631,Aaron Hernandez,49,M,Braga,Física,846.23
632,Ralph Wright,49,M,Aljustrel,Física,942.95
633,Suzanne Hancock,35,F,Maia,Física,426.01
634,Anthony Thomas,51,F,Aljezur,Física,588.62
635,Latasha Serrano,27,F,Monção,Física,188.27
636,Seth Russell,51,M,Tavira,Física,357.51
637,Carlos Davis,27,M,Viseu,Online,504.73
638,Kathleen Richardson,31,F,Viseu,Online,754.45
639,Danny Jones,49,F,Gondomar,Física,486.05
640,Paul Snyder,32,F,Santarém,Física,316.53
641,Kristen Jennings,65,M,Sintra,Online,596.03
642,Marc Garza,48,F,Setúbal,Física,678.14
643,James Roberts,42,M,Matosinhos,Online,889.62
644,Brittany Bailey,42,M,Évora,Online,255.89
645,Sarah Harrison,69,F,Guimarães,Física,208.41
646,Alexandra Hicks,23,M,Tavira,Online,558.43
647,Kayla Edwards,22,F,Setúbal,Física,270.3
648,William Thomas,38,M,Caldas da Rainha,Física,786.07
649,Tyler Johnson,67,M,Braga,Online,251.79
650,Dylan Bolton,22,M,Évora,Online,315.25
651,Margaret Gonzales,50,M,Braga,Física,712.94
652,Andrea Woods,36,F,Monção,Online,935.81
653,Autumn Phillips,56,F,Évora,Online,195.46
654,Debbie Scott,40,F,Vila Franca de Xira,Online,361.78
655,Erin Smith,39,M,Sines,Online,649.8
656,Christopher Valentine,28,M,Lisbon,Online,364.41
657,Kristen Herrera,24,M,Mirandela,Online,162.49
658,Linda Maxwell,68,F,Ponta Delgada,Online,723.56
659,Lisa Conrad,24,F,Aljezur,Física,680.6
660,Sean Williams,30,F,Funchal,Online,726.94
661,Bradley Johnson,66,M,Cascais,Física,898.39
662,Michael Krause,53,M,Mirandela,Online,884.92
663,Courtney Wilson,45,F,Vila Real,Online,419.54
664,Thomas Wright,26,M,Ovar,Física,606.25
665,Curtis Williams,40,M,Albufeira,Online,968.19
666,Kathleen Hall,63,M,Santarém,Física,513.22
667,Derrick Rocha,47,F,Caldas da Rainha,Física,384.27
668,Connor Robinson,41,F,Sesimbra,Física,788.26
669,Jennifer Berry,43,F,Póvoa de Varzim,Online,781.39
670,Mark Armstrong,56,F,Lisbon,Física,210.22
671,Katie Bailey,32,M,Aveiro,Online,789.58
672,Blake Cole,32,F,Alcobaça,Online,283.71
673,Dawn Vega,35,M,Évora,Física,830.26
674,Ronald Nelson,53,M,Vila Real,Online,311.91
675,Nicole Walker,26,F,Bragança,Física,828.05
676,Donald Chavez,49,F,Sintra,Física,954.5
677,Cheryl Lopez,50,M,Guimarães,Física,816.42
678,Martin Sharp,60,F,Barcelos,Física,806.64
679,Derek Meyer,41,M,Monção,Física,343.2
680,Catherine Wilson,38,F,Vila Nova de Gaia,Online,242.98
681,Mr. Casey Moore,40,F,Oeiras,Física,678.33
682,Laura Newton,20,M,Viseu,Online,947.82
683,Peter Russell,28,M,Oeiras,Física,936.29
684,Evan Bradley,31,F,Loulé,Online,597.32
685,Dr. Devin Garrett,56,M,Braga,Online,614.65
686,Cheryl Garcia,32,F,Beja,Online,144.94
687,Samantha Davis,36,M,Loures,Online,709.92
688,Dennis Williams,35,F,Sesimbra,Online,972.0
689,Kenneth Richardson,25,M,Beja,Online,596.09
690,Joseph Perkins,40,F,Santarém,Online,333.56
691,Kevin Ramirez,35,F,Vila do Conde,Física,675.2
692,Meredith Guerrero,28,F,Ovar,Online,422.7
693,Erik Aguilar,49,M,Tomar,Online,301.86
694,Mary Williams,33,F,Albufeira,Online,761.87
695,Juan Dalton,44,M,Tomar,Física,348.89
696,Nathan Welch,36,M,Albufeira,Física,253.6
697,Reginald Roberts,46,F,Albufeira,Física,168.69
698,James Hamilton,23,M,Cascais,Online,155.69
699,Dawn Gardner,50,M,Viana do Castelo,Online,458.39
700,Melissa Nielsen,51,M,Albufeira,Online,303.11
701,Kim Ramirez,37,M,Aljustrel,Online,602.33
702,Justin Brown,51,F,Beja,Física,949.19
703,Mrs. Heather Thomas,56,M,Matosinhos,Física,867.19
704,Joshua Sheppard,45,F,Vila Franca de Xira,Online,222.55
705,Melissa Small,25,F,Mirandela,Física,314.66
706,Jorge Palmer,53,F,Vila Nova de Gaia,Online,512.43
707,Christopher Hansen,37,M,Coimbra,Física,186.76
708,Brittany Hoover,38,M,Coimbra,Física,123.82
709,Mike Morales,36,M,Cascais,Física,860.14
710,Kimberly Jones,68,F,Viseu,Física,133.54
711,Kathleen Hurst,41,M,Celorico de Basto,Online,747.65
712,Mary Roach,52,M,Lisbon,Online,433.56
713,Robert Conway,55,F,Vila Franca de Xira,Online,686.74
714,Mark Hayes,56,F,Bragança,Física,503.07
715,Shawn Newton,31,F,Sesimbra,Online,581.32
716,Anthony Mullins,41,M,Maia,Online,442.3
717,Jason Martinez,56,M,Guimarães,Online,858.54
718,Marie Vazquez,18,M,Santarém,Física,537.11
719,Elizabeth Bradley,50,M,Alcobaça,Online,886.8
720,Jessica Nguyen,27,F,Évora,Física,782.72
721,Marvin Harris,64,M,Gondomar,Online,424.02
722,Seth Clark,70,F,Amadora,Física,676.61
723,Alyssa Moore,41,M,Guimarães,Física,518.92
724,Natalie Paul,21,M,Lisbon,Online,619.53
725,Lori Davis,70,M,Santarém,Física,661.06
726,Vickie Carr,37,M,Viana do Castelo,Física,711.12
727,Claudia Wolf,52,F,Santarém,Física,474.44
728,Michael Mccarthy,45,F,Póvoa de Varzim,Online,705.21
729,James Contreras,29,M,Loures,Online,346.32
730,Paul Jones,70,F,Castelo Branco,Física,617.37
731,Walter Pollard,26,M,Celorico de Basto,Online,853.73
732,Stephen Martin,51,M,Vila Nova de Gaia,Física,476.65
733,John Tucker,62,M,Aveiro,Online,534.32
734,Jacqueline Mendoza,18,M,Tavira,Online,778.68
735,Andrew Thompson,64,F,Viseu,Física,108.57
736,Robert Martinez,29,M,Barcelos,Física,999.97
737,Natalie Stephenson,42,M,Gondomar,Física,469.14
738,Elizabeth Harrison,33,M,Caldas da Rainha,Online,788.76
739,Diane Garcia,42,F,Aljezur,Online,677.87
740,Laura Wang,20,M,Amadora,Física,913.25
741,Pamela Baker,22,M,Maia,Online,850.8
742,Jonathon Harris,27,M,Vila do Conde,Online,503.3
743,Rebekah Hernandez,29,F,Sintra,Física,866.66
744,Chelsea Nguyen,18,F,Porto,Física,430.11
745,William Ward,37,F,Loulé,Online,862.82
746,Suzanne Payne,67,M,Aveiro,Online,159.65
747,Alexis Rice,43,M,Porto,Física,303.44
748,Brian Newman,34,M,Loures,Física,274.68
749,Thomas Doyle,64,F,Mirandela,Online,380.62
750,Jamie Crawford,68,F,Monção,Online,851.82
751,Darrell Lopez,47,M,Sines,Física,637.19
752,Brian Blackburn,50,F,Porto,Online,781.63
753,Jessica Mills,44,F,Sintra,Física,712.35
754,Jason Kennedy,46,F,Loulé,Física,372.82
755,Daniel Cardenas,52,F,Vila Real,Física,559.13
756,Elizabeth Molina,52,M,Tavira,Física,889.87
757,Erin White,30,M,Guimarães,Online,514.48
758,Rachel Deleon,39,F,Viseu,Online,776.94
759,Ashley Perkins,43,F,Póvoa de Varzim,Física,223.25
760,Christopher Perez,20,F,Faro,Física,521.96
761,Julie Simon,34,M,Oeiras,Física,958.81
762,Lisa Quinn,47,F,Maia,Online,583.14
763,Natalie Franco,70,F,Vila Real,Online,419.63
764,Catherine Massey,60,F,Oeiras,Física,311.39
765,Carolyn Brown,30,F,Coimbra,Física,808.37
766,Matthew Page,55,F,Cascais,Online,929.9
767,Jeffrey Smith,26,M,Paredes,Física,965.96
768,Robert Downs,57,M,Caldas da Rainha,Online,223.74
769,Ashley Cole,42,M,Viseu,Física,301.29
770,Jonathan Brown,56,M,Vila Nova de Gaia,Física,567.25
771,Monique Hines,39,F,Tavira,Física,568.29
772,Abigail Huang,18,M,Guimarães,Física,422.94
773,Jeffrey Harrell,56,M,Alcobaça,Física,318.19
774,Nicholas Mcconnell,21,F,Peniche,Online,476.96
775,David Landry DVM,35,F,Setúbal,Online,848.79
776,Brett Rodriguez,25,M,Vila Real,Online,488.66
777,Dawn Fernandez,63,M,Tomar,Física,532.66
778,Chris Hendricks,43,M,Aljezur,Física,358.23
779,Hector Curry,23,F,Gondomar,Online,716.95
780,Lisa Benson,65,M,Amadora,Online,706.66
781,Kelli Kaufman,20,F,Matosinhos,Online,496.47
782,Tyler Walker,29,M,Vila Nova de Gaia,Online,400.09
783,Jeanette Austin,19,M,Tomar,Online,720.28
784,Robert Dunn,52,M,Caminha,Física,254.65
785,Brian Bonilla,55,F,Cascais,Física,651.97
786,Kimberly Collins,40,M,Sintra,Online,342.45
787,Amy Johnson,22,F,Vila Nova de Gaia,Online,351.88
788,Mr. Michael Austin MD,18,M,Bragança,Online,793.87
789,Natasha Mcneil,69,F,Matosinhos,Online,990.97
790,Daniel Murphy,23,F,Lisbon,Online,289.51
791,Jennifer Wolfe,25,F,Ovar,Física,605.52
792,Kyle Holt,31,F,S. João da Madeira,Física,112.47
793,Stephanie Holmes,59,F,Angra do Heroísmo,Física,175.6
794,Tyler Fernandez,49,F,Paredes,Física,755.03
795,John Grant,26,M,Tavira,Física,741.37
796,Gilbert Johnson,21,F,Faro,Física,490.94
797,Rachel Olson,28,F,Viseu,Online,319.99
798,Wendy Pierce,56,M,Barcelos,Física,461.75
799,Deborah Estrada,56,F,Santarém,Física,340.43
800,Stephanie Black,36,M,Mirandela,Online,477.15
801,Jonathan Fuller,67,F,Faro,Física,489.67
802,Amanda Esparza,56,M,Évora,Online,610.2
803,Theresa French,64,F,Cantanhede,Física,338.53
804,Martin Carr,20,M,Bragança,Online,352.08
805,Todd George,27,F,Braga,Online,659.87
806,Shane Carson,61,F,Vila Franca de Xira,Online,740.77
807,Jimmy Bryan,19,F,Monção,Física,229.45
808,James Wheeler,28,M,Santarém,Física,394.31
809,Samantha Guerra,50,M,Albufeira,Física,706.71
810,Frank Tanner,49,F,Lisbon,Física,600.22
811,Andrew Melton,29,F,S. João da Madeira,Online,486.13
812,Glenn Davis,45,M,Sines,Online,625.44
813,Kenneth Sharp,54,M,Celorico de Basto,Física,599.75
814,William Murray,41,M,Viseu,Física,826.2
815,Mr. Dennis Jimenez,44,M,Loures,Online,323.11
816,Stacey Nguyen,25,F,Setúbal,Física,244.61
817,Christina Dennis,34,M,Monção,Física,987.26
818,Tiffany Harris,35,F,Guimarães,Online,330.72
819,Chad Caldwell,25,F,Mirandela,Online,996.01
820,Julie Moran,49,F,Castelo Branco,Física,755.38
821,Jesus Reed,27,F,Viseu,Física,789.45
822,Sandra Williams,26,F,Tavira,Online,591.0
823,Heather Doyle,54,M,Caminha,Online,839.92
824,Gloria Richardson,24,F,Peniche,Física,357.78
825,Dalton Maldonado,63,F,Caminha,Online,862.24
826,Jason Hall,43,M,Angra do Heroísmo,Física,160.45
827,Dana Zuniga,45,M,Lisbon,Online,731.75
828,Michael Castro,32,M,Alcobaça,Física,618.85
829,Steven Sanders,42,M,Barcelos,Física,435.21
830,Rebecca Mullins,60,F,Cascais,Física,351.12
831,Jonathan Heath,35,F,Sintra,Online,103.68
832,Anthony Hill,66,M,Loulé,Física,997.75
833,Dr. Jill Valdez,52,M,Sesimbra,Online,101.86
834,William Mills,18,F,Beja,Física,493.64
835,David Joyce,31,F,Vila Real,Online,651.74
836,Micheal Morgan,21,M,Sintra,Física,428.98
837,Laurie Gentry,23,F,Bragança,Física,686.83
838,Larry Petersen,68,F,Viana do Castelo,Online,471.05
839,Richard Williams,44,M,Tavira,Online,749.69
840,Matthew Griffin,70,F,Sintra,Física,223.95
841,Carrie Neal,21,M,Ponta Delgada,Online,204.22
842,Nicole Briggs,31,F,Loulé,Online,398.13
843,Vanessa Cruz,41,F,Caldas da Rainha,Online,287.05
844,Anna Fisher,18,F,Cascais,Física,845.08
845,Jerry Wang,65,F,Guimarães,Online,878.41
846,Anthony Taylor,26,F,Albufeira,Física,713.55
847,Bryan Gray,21,F,Aljustrel,Online,761.68
848,Katherine Reed,45,M,Lisbon,Física,893.06
849,Brooke King,67,F,Lisbon,Online,572.96
850,Jeffrey Hoffman,21,F,Funchal,Física,908.4
851,Nicholas Anderson,66,M,Amadora,Física,394.87
852,Hayden Warren,45,F,Gondomar,Online,859.33
853,Victoria Anderson,64,F,Paredes,Online,645.56
854,Chelsea Mcbride,62,F,Alcobaça,Online,947.02
855,Christopher Watkins,68,F,Faro,Online,411.38
856,Amber Skinner,69,M,Aveiro,Online,811.25
857,Barry Diaz,23,F,Póvoa de Varzim,Online,505.59
858,Michael Bryant,70,M,Gondomar,Física,407.0
859,Amy Sanchez,67,M,Guimarães,Online,270.16
860,Katherine Monroe,59,M,Alcobaça,Física,756.53
861,Alicia Fuller,63,M,Tomar,Física,556.61
862,Elizabeth Washington,57,M,Peniche,Online,640.92
863,Chris Garcia,45,M,S. João da Madeira,Física,547.99
864,Diamond Huff,70,F,Oeiras,Física,388.69
865,Kathryn Hernandez,28,F,Oeiras,Física,126.36
866,Arthur Brady,59,F,Albufeira,Online,507.2
867,Virginia Cain,51,F,Cascais,Física,170.89
868,Shawna Carney,48,M,Cascais,Online,265.07
869,Mr. Ronald Johnson,56,F,Ponta Delgada,Física,241.37
870,William Morales,26,F,Monção,Física,698.41
871,Lisa Dominguez,47,F,Albufeira,Física,274.9
872,Jonathan Gonzales,50,M,Maia,Física,506.43
873,Abigail Watson,53,F,Aljustrel,Online,145.03
874,Stephen James,66,M,Celorico de Basto,Física,571.43
875,Steven Cunningham,52,F,Tavira,Física,312.44
876,Roger Gibbs,66,F,Mirandela,Física,357.89
877,Chelsea Ellis,38,F,Oeiras,Física,254.47
878,Andrew Young,38,M,Funchal,Física,920.61
879,Robert Peck,33,M,Porto,Física,203.9
880,Janet Bush,52,M,Caminha,Online,386.45
881,Jason Scott,70,M,S. João da Madeira,Online,985.8
882,David Hayes,49,F,Sesimbra,Física,554.2
883,Jeffery Anderson,54,M,Aljezur,Física,428.22
884,Christina Adams,45,F,Mirandela,Física,736.23
885,Kaitlyn Morales,67,F,Peniche,Online,470.9
886,Jay Macias,39,M,Bragança,Física,912.92
887,Matthew Pratt,36,F,Évora,Física,446.18
888,Jennifer Yang,61,M,Angra do Heroísmo,Online,336.53
889,Lacey Hughes,39,M,Peniche,Física,842.12
890,Victor Boyer,68,M,Lisbon,Física,850.55
891,Jessica Long,59,M,Sines,Física,476.34
892,Joel Johnson,25,F,Peniche,Física,639.54
893,Jessica Medina,64,M,Alcobaça,Física,603.49
894,Amber Price,40,F,Viseu,Online,285.09
895,Natasha Long,42,M,Lisbon,Online,305.92
896,Jessica Johnson,32,F,Matosinhos,Online,290.76
897,Rebecca Nelson,60,F,Ponta Delgada,Online,807.37
898,Eric Ware,37,M,Vila do Conde,Física,843.55
899,Michael Scott,28,F,Celorico de Basto,Online,311.06
900,Ronald Johnson,56,M,Beja,Física,779.86
901,Marissa Byrd,24,F,Sines,Física,987.97
902,Karen Curtis,24,M,Vila Real,Física,823.4
903,Jonathan Edwards,43,F,Aljustrel,Online,281.6
904,Laura Hart,56,F,Peniche,Online,649.38
905,Carol Conner,51,M,Funchal,Online,421.41
906,Mary Jones,19,M,Vila do Conde,Online,101.94
907,Brandon Morris,53,F,Peniche,Online,718.44
908,Tiffany Harvey,19,F,Albufeira,Física,308.89
909,Mark Gill,63,F,Sines,Física,841.51
910,Sue Peterson,18,M,Celorico de Basto,Física,954.76
911,Nicole Peters,70,F,Caldas da Rainha,Física,199.82
912,Laura Carter,64,M,Évora,Física,581.35
913,Barry Hughes,29,F,Vila Franca de Xira,Online,124.69
914,Ashley Harmon,52,F,Loures,Física,487.65
915,Joseph Solomon,48,M,Leiria,Online,435.23
916,Kristen Lynch,20,F,Tavira,Física,153.34
917,Nathan Francis,21,F,Funchal,Física,163.57
918,John Ruiz,23,F,Tomar,Física,482.89
919,Joshua Aguilar,70,M,Setúbal,Online,160.3
920,Bryan Mitchell,18,F,Beja,Física,322.3
921,Nancy Cain,64,M,Alcobaça,Online,271.71
922,Lisa Griffin,40,F,Tavira,Física,499.35
923,Dr. Cheryl Turner,49,F,Sintra,Física,510.16
924,Traci Bailey,29,M,Alcobaça,Online,646.67
925,Erin Johnson,37,M,Leiria,Física,144.33
926,Stacey Hamilton,53,M,Bragança,Física,580.96
927,Lawrence Payne,56,M,Aveiro,Online,649.41
928,Robert Mitchell,58,M,Tavira,Online,256.32
929,Mary Smith,62,M,Faro,Física,165.12
930,Brent Harris,60,F,Monção,Online,777.04
931,Bryan Davis,57,F,Maia,Física,727.55
932,Shari Sheppard,56,M,Albufeira,Física,261.24
933,Brenda Ortiz,34,M,Leiria,Online,977.46
934,Corey Benjamin,26,F,Castelo Branco,Online,886.0
935,Patricia Wallace,24,F,Alcobaça,Online,478.19
936,Jennifer Smith,50,F,Barcelos,Física,828.9
937,Carolyn King,35,M,Gondomar,Online,249.73
938,Karen Johnson,55,F,Angra do Heroísmo,Física,772.67
939,Matthew Pollard,33,F,Cantanhede,Online,883.2
940,Adam Mitchell,24,F,Guimarães,Física,883.86
941,John Hawkins,63,M,Sintra,Online,432.6
942,Kevin Mann,22,F,Barcelos,Física,763.59
943,Holly Garcia,40,F,Vila Real,Física,607.18
944,Shannon Davis,46,M,Vila Nova de Gaia,Online,777.16
945,Melissa Bond,67,M,Matosinhos,Física,151.84
946,Cristina Mitchell,49,M,Beja,Online,330.01
947,Candice Horton,21,M,Vila Real,Física,837.94
948,Kathleen Ramirez,60,F,Sintra,Física,750.63
949,Sandra Russell,70,M,Santarém,Online,779.85
950,Carlos Reid,64,M,Cantanhede,Online,716.52
951,Joel Ortega,39,F,Funchal,Física,748.38
952,Harold Baker,18,M,S. João da Madeira,Online,331.15
953,Jason Smith,31,F,Ponta Delgada,Física,410.72
954,Mr. Shannon Walls DDS,19,F,Maia,Física,181.24
955,James Rodriguez,57,F,Sesimbra,Online,819.79
956,Aaron Anderson,28,F,Amadora,Física,511.32
957,James Johns,41,M,S. João da Madeira,Online,186.16
958,Pamela Hopkins,44,F,Aljezur,Física,416.31
959,Ashley Bryan,53,M,Vila Real,Online,449.42
960,John Johnson,21,M,Caldas da Rainha,Online,105.36
961,Eric Day,31,M,Castelo Branco,Online,438.54
962,Makayla Knapp,59,F,Vila Real,Online,736.93
963,Jessica Martinez,63,F,Sines,Física,483.38
964,Erica Robinson,66,F,Vila Real,Física,239.75
965,Matthew Delgado,37,M,Viseu,Online,573.23
966,Timothy Bishop,30,F,Caminha,Online,129.56
967,Jeremy Martinez,31,F,Porto,Física,897.47
968,Mr. Jacob King,70,M,Peniche,Física,167.92
969,Daniel Brown,34,M,Peniche,Online,475.05
970,Kyle Conner,40,F,Maia,Online,716.49
971,Mitchell Sutton,44,F,Braga,Física,454.9
972,Miss Tiffany Newman MD,19,M,Amadora,Online,254.72
973,Debra Harding,48,F,Aljezur,Online,935.38
974,Jose Ford,54,F,Castelo Branco,Física,449.26
975,Casey Winters,22,F,Leiria,Online,504.47
976,William Smith,41,M,Oeiras,Física,545.73
977,Kristen Ferguson,47,F,Tomar,Física,671.76
978,Natasha Rogers,41,M,Castelo Branco,Física,453.56
979,Lindsey Short,22,F,Cascais,Online,155.62
980,Steven Shea,63,M,Santarém,Online,780.17
981,Nicole Perez,48,M,Viseu,Online,240.17
982,Nicole Miller,21,M,S. João da Madeira,Física,134.97
983,Roberto Mccall,25,F,Vila Nova de Gaia,Física,894.02
984,Anthony Simmons,65,M,Mirandela,Online,795.46
985,Kyle Hill,22,F,Setúbal,Online,771.1
986,Casey Rios,61,F,Viseu,Online,292.35
987,Jessica Arnold,32,M,Viseu,Física,219.01
988,Kristin Mccoy,59,F,Viseu,Online,534.96
989,Larry Olson,30,F,Aljustrel,Online,498.19
990,David Robles,38,F,Funchal,Física,591.61
991,Lucas Douglas,58,F,Aveiro,Online,731.2
992,Anita Donovan,70,F,Beja,Online,522.69
993,Mr. Peter Clark,69,M,S. João da Madeira,Online,361.12
994,Cheryl Frazier,43,M,Monção,Física,754.8
995,Melissa Cooper,51,M,Vila Real,Física,645.49
996,Deborah Maldonado,41,F,Lisbon,Física,234.89
997,Stephen Wagner,47,F,Castelo Branco,Física,749.91
998,Ashley Decker,31,F,Porto,Online,222.9
999,Anna Rodriguez,27,F,Loures,Física,109.71
1000,Amber Martin,22,F,Caminha,Física,875.48
